Actual Price,Predicted Price
235000,301074.66
552000,627672.57
615000,542473.41
555000,569076.05
649950,574094.08
257700,264309.37
980000,886432.23
535000,484134.58
1030000,867838.8
549950,407239.98
580000,525728.85
300000,298781.61
389900,455786.0
255000,253881.23
776000,745906.51
319000,293601.19
970500,931705.0
356500,396407.1
295000,278301.07
165000,242971.88
224500,228877.5
385000,431042.9
440000,517736.2
390000,445888.38
3170000,2104659.5
947500,1316610.0
557865,732259.0
875000,692256.77
824000,670970.08
349500,545585.0
348500,313914.13
475000,466720.76
299950,342380.5
774950,716094.65
295000,303218.85
295500,321748.73
445000,360963.6
756000,680196.79
535000,502610.5
574000,625995.5
950000,1022591.26
290000,278349.56
749950,731618.3
295000,378140.87
350000,383321.99
850000,834471.0
424000,400599.26
360000,386170.37
845000,729473.38
342000,315859.78
545000,569611.42
213000,220548.15
921000,835804.3
635000,699739.55
599000,557403.83
637000,673130.75
672500,659338.0
395000,448457.2
348000,394292.65
190000,216299.91
418000,507740.88
925000,738108.25
490000,541420.48
147000,204207.3
695000,829084.52
337000,406689.5
539000,505539.25
1230000,1327900.0
515000,615599.79
645500,626598.6
465000,542592.8
488250,508610.0
390000,291326.2
392000,414797.49
736500,672565.14
1310000,1106418.3
357000,383464.75
378500,469261.9
907000,775198.0
1360000,1169883.71
605000,514194.0
486940,513819.35
480500,479221.77
200000,218075.7
2030000,1796710.0
1000000,876607.38
434400,441128.2
350000,376074.15
410000,442585.4
740000,656894.34
150000,249967.22
555000,562729.78
255000,253709.95
663000,631198.49
563000,509878.21
475000,375941.09
362865,371737.97
467000,622903.5
365000,448161.0
524950,550453.91
450000,499265.67
490000,623645.94
629000,561802.0
2140000,1952300.0
760000,747639.5
482000,490069.22
425000,485993.0
230000,248952.65
400000,445539.75
210000,225537.62
270000,274545.88
354900,311055.65
1040000,756206.3
178500,181832.14
756000,693660.7
400950,486185.0
510000,239250.94
970000,953984.54
338995,261112.2
320000,327643.91
299950,283015.85
499950,394491.4
588000,660462.95
554000,404957.97
357186,352646.69
704000,823559.01
328423,334282.8
400000,369511.72
670000,772872.22
415000,416031.0
454000,386837.8
700000,594985.22
350000,441351.65
930000,714863.75
625000,584887.29
350500,380432.06
306888,264016.02
664000,639732.55
990000,974802.04
500000,695328.95
370000,373570.59
1600000,1543800.0
950000,1093795.0
580379,595956.93
805000,837488.45
375000,377903.9
292500,258106.49
650000,821466.5
1190000,1131175.5
229950,267358.98
3800000,2527800.0
239900,260548.06
738000,866697.21
650000,694503.88
579950,496622.0
400000,360268.95
307000,332049.42
875000,720683.0
449000,398886.84
740000,645541.56
396400,546181.4
445000,453808.83
423000,363219.2
790000,898690.56
471000,544678.76
429000,468200.94
860000,879327.41
310000,320553.58
426000,470811.08
677000,628508.46
551000,591823.0
345000,373845.96
902000,825057.72
515000,419734.99
875000,913540.0
180000,260974.74
1270000,1157475.0
469000,472567.06
445000,469322.5
550000,572313.5
519000,500842.74
199000,210888.24
201000,325969.88
206000,185524.5
185000,273703.72
450000,407885.25
325000,383388.5
849000,616885.87
441000,491356.2
978000,1124011.5
310000,320839.68
321000,328636.85
580000,518854.5
235000,294900.0
445000,394165.05
296000,311623.27
260000,252724.14
320000,301882.03
670000,680966.21
860000,838091.4
699950,566272.76
210000,322765.84
820000,666564.68
395000,432780.0
353000,345273.44
482000,487301.08
250000,213951.09
410000,415055.18
203000,217212.07
329445,334378.52
325000,372128.5
215000,205475.18
396000,471118.71
333000,290372.54
770000,822863.9
343000,326808.23
1250000,947080.96
448000,461669.0
510000,437493.99
435000,493801.81
999000,890513.28
1370000,1423208.4
152275,222356.4
409316,427205.73
438000,434343.03
607000,614651.5
600000,589241.4
1100000,1128564.16
580000,583145.9
600000,659894.5
595000,522772.8
353000,354307.81
359950,357075.04
437500,472443.2
440000,411859.01
520000,441125.5
399000,385779.08
325000,275704.94
360000,341204.4
245000,256123.06
233000,298996.11
798000,786474.64
716125,650765.84
272000,350899.48
247500,294845.75
782000,706163.0
280000,279189.5
450000,461402.5
419950,429793.35
950000,616402.5
436300,388248.99
480000,421853.15
679000,685867.29
375000,394224.7
396800,454049.0
460000,450378.06
538888,550662.5
250000,249329.99
2400000,1915788.5
299500,338019.6
356700,341476.7
375000,372843.69
185000,196716.4
579000,578390.0
749000,676183.75
464000,436477.38
489900,535500.5
220000,290811.28
575000,1239103.5
580000,619895.58
124000,173964.38
245000,307770.75
414000,464079.75
259000,232515.77
205000,189815.88
550000,467444.25
375000,334171.0
257500,251138.83
207000,288357.0
202000,196884.5
250000,219301.03
334500,323541.6
224000,215658.02
521900,533331.4
411605,414324.61
720000,783311.25
492500,513092.75
190000,267755.48
299000,268269.7
550000,539249.5
717000,707472.8
350000,315308.0
350000,356818.24
436000,428277.68
330000,345855.9
988000,1045894.33
348000,319408.53
206000,225385.01
105500,153149.85
540000,597405.69
299000,380165.06
495000,492637.08
935000,783644.53
235000,245184.04
490000,433831.83
495000,535318.83
311100,349489.49
255000,233636.15
1200000,886797.92
447500,468804.6
359999,364128.0
425000,440613.92
619420,574890.75
798000,951009.8
326100,321746.41
2880000,2112050.0
1640000,1798402.5
460000,474584.01
326000,483594.6
635000,515234.6
858450,855306.02
230000,235184.02
410000,303915.3
191000,206660.5
724950,660946.25
300000,332964.82
419500,389021.86
450000,451710.17
402000,588858.1
175000,190530.0
518000,492528.47
585000,523464.4
575000,475674.0
920000,858537.74
749950,799403.1
248000,264183.63
525000,433084.0
390000,371012.8
443500,451913.0
355950,396516.65
277554,309795.13
1960000,2869700.0
631500,697936.0
440000,422878.85
426000,454483.05
1250000,905934.0
437500,468106.4
605000,689941.88
242000,257013.59
719000,619974.18
381000,414762.65
615000,620045.42
338000,368391.15
1050000,1181174.5
425000,533239.6
560000,814854.95
199950,215511.3
360000,525241.2
315000,277537.16
620000,652261.1
275000,249541.51
442000,513714.19
545000,600551.51
457000,410332.28
297000,299586.22
565000,522830.96
352500,447678.0
850000,780686.6
472000,490884.32
569500,514351.25
515000,488934.04
590000,439765.97
205000,213441.78
410000,425832.76
415000,404204.0
641000,638952.75
255000,167089.5
306000,323188.74
236000,302897.76
800000,655951.22
572000,534206.8
400000,411289.0
577288,740156.14
324000,369944.58
870515,881220.37
604000,636088.38
691500,687151.5
685000,684139.25
236000,292976.0
430000,423771.95
384950,360314.71
286000,258870.99
435000,418653.25
315450,297378.55
520000,388914.2
812000,785944.65
442000,564214.39
250000,224299.95
740000,747157.13
655000,618257.51
990000,1087093.58
655000,706680.55
560000,538035.15
660000,670500.02
580000,619058.76
520000,503590.0
419000,448768.8
456000,466261.0
739900,657758.32
160000,185353.25
466000,478554.23
285000,308326.38
346000,377621.2
335000,325604.0
316000,285720.2
239999,233492.85
640000,532983.5
510000,473004.31
359500,327764.4
475000,489112.2
1510000,1214970.0
472000,399330.3
220000,351422.6
525000,573945.29
645000,591640.06
249000,274548.5
915000,859796.44
532500,463200.0
440000,415532.59
1380000,1162236.68
260000,305313.5
600000,731417.92
287000,292688.44
1980000,1852700.0
375000,350028.64
565000,567820.0
889000,833826.5
687500,636087.1
237000,208990.3
445000,532906.76
700000,673800.0
423000,417941.15
330000,371610.4
518380,439134.84
389950,400438.68
415000,433344.22
605000,701160.0
330000,559717.7
652000,548923.64
242050,285016.22
473000,357351.3
2600000,2446530.0
698000,732032.0
445000,442423.74
300499,307171.24
367500,329348.75
260000,285318.49
500000,546887.0
415000,404370.75
629000,631774.5
552000,512903.0
295500,408504.18
242000,256272.5
435000,493051.78
246000,231841.52
238000,249285.17
480000,408572.55
350000,333146.5
560000,555157.95
305000,276564.9
261500,251299.36
340000,283362.59
447000,445521.06
554000,435634.5
685000,806776.87
450000,451000.78
240000,309313.49
571000,575770.0
819000,520884.51
467000,478649.8
495000,536476.36
260000,260968.09
280000,260842.65
415000,410452.45
260000,255145.47
246700,240799.7
935000,1185400.0
380000,315471.82
795127,928597.66
300000,296448.0
305495,340324.4
382500,447819.82
450000,527974.1
685000,588116.38
294450,333749.95
369946,370998.17
374000,329582.6
424500,367969.0
285000,307562.2
182200,207774.15
125000,181606.63
300000,336758.43
3300000,2498600.0
445800,468280.81
256000,238607.78
415000,451756.95
543000,531926.21
670000,670396.2
719000,752059.48
1170000,1139542.0
495000,562729.85
650000,632029.78
535000,452433.83
534000,559402.69
390000,630272.24
269000,257872.5
347000,320484.91
349950,372572.51
190000,285107.67
538000,531284.84
460000,447857.38
330000,324850.11
346290,346414.79
559950,485053.25
750000,786045.89
500000,487401.52
273000,270840.91
3100000,2212100.0
533000,540305.75
659000,633577.15
490000,511979.7
235000,247435.66
254950,280616.91
419500,383368.31
485000,460914.5
484259,498382.73
225000,206536.54
287500,338091.71
599950,610573.5
345000,285277.1
250000,347686.45
1000000,1106450.0
567500,542281.95
280000,306311.3
311300,328272.46
1200000,807599.3
580000,524660.6
220000,258585.32
279000,339981.8
535000,421394.75
245000,295636.02
399950,380763.8
574800,581661.45
590000,546252.52
451000,458046.83
415000,378458.9
339000,357574.6
402000,465854.58
370000,381358.29
1150000,987357.5
539900,535066.2
335000,379178.44
530000,526398.98
265000,285114.06
690000,519729.33
715000,780923.05
835000,1083155.66
1030000,979819.5
839990,897870.72
1050000,1032235.6
419700,415563.08
360000,330052.23
332000,281921.6
2450000,2225300.0
499950,517932.71
750000,778359.52
600000,508981.5
299900,265107.17
230000,267593.24
326000,335791.65
381500,416791.5
1050000,924123.26
1210000,1480070.0
1070000,729342.5
1000000,876761.18
712000,576426.5
519000,509893.5
665000,694744.0
315000,327106.05
400000,397380.7
696000,756489.5
397500,467676.5
699000,761668.0
433000,411217.76
732500,712383.3
626000,699270.0
265950,272675.13
490000,669134.25
746000,737244.16
1150000,1008410.39
135000,179731.32
292000,299503.0
680000,853291.48
225000,289555.84
498688,521920.0
403504,471865.5
945000,809533.34
162000,236002.84
330000,318876.55
260000,239418.5
216000,239030.9
471275,496969.23
405000,455400.78
338000,295009.0
695000,703877.99
410000,419850.5
402500,383827.47
240000,239029.0
387000,410325.5
258000,305346.94
417400,428395.3
569000,597705.6
1100000,770931.0
430000,469623.41
1090000,1180550.0
484000,489138.9
320000,292917.39
229000,215777.58
550000,573349.95
288350,274264.5
575000,650799.38
410000,504355.5
815000,1002028.5
218450,204070.2
405000,437646.0
1820000,1592469.5
275000,275127.5
825000,1010504.5
342500,412856.14
170000,226601.48
1030000,778826.94
657100,576841.5
530000,482298.9
490000,505902.34
390000,370048.0
430000,399390.72
1080000,1142851.45
325000,304965.83
295000,317975.5
519950,495299.04
998000,867869.02
375000,364852.65
220000,244738.27
244000,257601.53
490000,492314.15
367777,435586.6
507500,487372.28
240000,221578.95
580000,574921.0
445000,513016.5
399950,342144.01
735000,688127.5
246500,229871.0
615000,689476.15
247200,257403.88
230000,213159.0
146000,135128.5
746000,630971.0
895000,846999.9
760000,636403.99
565000,528590.0
460000,598227.1
471001,617960.6
440000,496708.64
266200,259253.0
383000,332320.5
510000,510126.5
1500000,1497200.0
269500,312199.06
429000,490903.28
365000,349669.11
315000,294462.84
192500,308785.91
620000,645773.41
192950,173320.53
207000,221733.88
739900,759666.25
358000,443769.65
600000,911685.88
560000,617931.86
685000,725745.0
446000,367913.3
813000,844804.99
400000,436522.0
459990,482653.65
310000,328826.5
312000,304921.25
164950,283954.49
295000,281877.42
351000,333365.22
215000,191879.25
309500,357067.9
299950,261325.29
185000,211577.46
320000,324927.0
380000,410167.3
282500,255428.28
632500,728834.9
360000,420799.3
150000,198378.08
665000,655562.82
387500,458338.95
654000,604512.78
235000,272772.14
715000,709497.09
762400,915295.2
260000,254992.7
340000,321595.0
390000,465425.41
530000,429559.16
393000,363261.85
675000,520682.38
1350000,1000677.66
1000000,730736.83
450000,519078.05
275000,265854.0
313300,392411.46
339500,304918.5
289000,285075.36
435000,358433.0
503000,481761.9
535000,500459.35
810000,874925.8
455000,460891.76
410000,531389.31
633000,725688.76
270000,270604.77
740000,742703.57
420000,427198.89
174000,169607.67
443000,523613.19
459000,439293.6
649000,730937.0
482000,476222.38
246000,238707.49
195000,194679.33
276000,329656.0
837700,801151.0
475000,593685.9
375000,525664.85
290000,375544.35
616950,949975.0
285000,516792.0
565000,676110.5
500000,387656.3
440000,493964.7
385195,320130.86
835000,1304999.5
230000,260897.08
290000,396789.54
210000,229810.9
750000,779323.26
590000,519618.26
250000,237400.0
713500,730829.38
229000,235665.9
195000,236294.6
1250000,1341903.81
529000,558885.2
310000,257954.5
620000,595765.58
454000,402501.38
619950,522710.8
539500,703964.1
523000,694849.5
528000,547374.35
597000,576834.6
470000,501006.4
234000,253308.7
637500,598674.88
340000,328243.93
2500000,2158200.0
550000,618891.49
370000,403044.4
650000,687201.75
371000,334629.88
239000,327428.28
212500,225033.77
825000,1133818.5
540000,526002.74
229000,262419.3
1100000,797970.0
465000,446397.25
640000,715163.4
335000,330023.5
550000,814229.43
1000000,1127885.0
440000,399018.5
305000,420714.0
210000,195249.4
497000,356020.8
711600,900774.68
282500,285713.0
379950,361715.97
576000,560045.0
219900,192649.0
750000,935175.22
331000,323824.97
828500,929948.3
659000,648826.6
545000,497963.5
350000,378456.58
157500,178420.5
610000,587096.5
750000,738417.62
415000,461472.4
430000,552354.5
307000,267490.12
749950,570638.49
238000,287678.65
435000,495076.63
309500,261196.5
222000,218166.45
631000,537385.5
715000,741583.65
525000,524585.5
489000,571445.0
290000,315806.59
209950,206399.48
998000,777641.21
496500,428869.88
453000,501813.1
565000,558494.89
762000,837635.25
606000,615900.51
459000,498756.48
676500,533193.25
280000,246727.0
619400,617287.0
895000,830873.0
495000,704161.99
291500,318885.99
543000,514142.18
325000,332203.86
470000,428723.57
550000,745578.5
313000,356581.35
255000,278377.92
730000,839772.42
253000,268671.5
350000,293991.99
649950,701133.5
235000,364607.3
690000,731711.5
578000,499198.31
401000,391104.5
285000,434754.63
531155,444659.2
688000,842898.6
439000,461519.05
335000,322440.04
470000,484524.5
890000,762841.43
299000,413690.88
349170,313016.4
905000,828041.49
164000,195687.4
1700000,1247667.33
585000,635810.8
726000,617222.16
470000,510655.46
465000,444440.0
445838,496725.76
499000,383636.88
550000,826928.5
620000,677813.26
265000,294789.7
229900,243945.8
500000,508123.9
967500,931152.67
615000,549174.24
262000,219368.0
475000,490069.22
268950,229065.15
740000,704832.65
390000,374679.96
589000,569901.4
235000,286126.75
279000,224308.3
430000,520846.4
650000,693490.98
530000,544282.5
328000,329742.57
236000,228023.02
329000,332853.0
203000,246801.0
333800,328078.65
615000,698590.75
665000,712162.21
788000,758889.8
415000,495085.0
736000,727590.0
604000,599727.6
3710000,2341900.0
1090000,922055.5
658100,622439.0
679950,665375.16
268000,242040.5
1190000,1406139.26
1560000,1341245.0
561750,542057.78
310000,338720.59
330000,337268.17
507000,515852.68
609000,593726.12
243000,233842.49
424950,449767.34
465000,509660.05
879000,887591.15
310000,325091.15
544500,599506.45
307500,340675.45
1040000,1137799.5
356000,308936.5
175000,262676.31
314950,360245.05
432000,414808.95
564000,562810.6
513000,631554.5
274500,237692.0
650000,711572.76
901000,1028784.12
989900,1057796.0
305000,292057.59
890000,947334.6
820000,888984.44
314500,322272.43
224097,181531.52
750000,871766.0
1060000,1175562.5
650000,774044.25
659000,595350.26
550000,657517.24
527500,533877.25
449950,470168.86
446000,424881.0
740000,596329.83
700000,504286.0
650000,854180.76
590000,607980.64
339950,304888.8
425000,425306.87
575000,506320.65
475000,553836.61
395000,420959.46
417000,471412.97
557500,588929.0
650000,548792.06
1600000,1501864.33
565000,580172.5
400000,393774.73
479950,464747.2
225000,263946.16
395000,366262.54
319000,322435.9
1250000,1009039.5
304700,277530.2
245990,236316.07
371500,333555.2
237000,244888.27
272000,252430.37
710000,713797.66
416000,407821.3
456700,497522.26
598500,609372.5
988830,978728.68
712000,663808.28
160000,219012.97
219950,238755.5
575000,842830.0
365000,350138.12
1520000,1196365.0
495800,617749.56
924000,872944.21
275000,297778.75
309000,250016.66
500000,495101.7
680000,670262.02
625000,715762.25
495000,502999.0
1100000,1007089.03
491300,497219.19
650000,714188.57
910000,970011.0
1030000,1077940.0
223000,242735.13
1300000,1528965.0
340000,296416.5
495000,457178.7
500000,556896.5
215000,209193.86
796000,707769.5
440000,419617.1
405000,401022.96
595000,527596.02
510000,600512.57
430000,412860.7
1770000,1568103.26
640000,667254.9
475000,537603.5
415000,374075.7
359900,372175.5
485000,461880.5
249000,266065.18
475000,430685.5
1040000,907923.46
528000,481225.0
310000,350506.9
490000,557333.17
355000,285513.84
739000,1253864.73
160000,211599.25
1010000,1141023.27
209995,199722.22
300000,331237.2
495000,591171.5
915000,708407.5
650000,680044.9
1070000,787560.0
641000,546743.03
445000,431031.62
405000,417052.67
500000,624613.5
260000,281177.0
571500,378698.98
375000,363404.9
430000,395736.14
294000,335962.95
299000,261449.75
485000,525571.01
515000,614982.5
690000,625713.38
600000,348137.0
280000,312429.5
670000,743976.56
600000,548858.7
2570000,2455900.0
430000,436611.55
449500,470823.0
725000,789245.05
412500,453004.5
500000,483142.5
249900,262390.98
352450,346986.74
275000,321389.5
480000,659241.27
357000,337887.7
430000,461213.45
320000,324834.82
490000,569780.56
2300000,2062000.0
1050000,1171557.57
443500,502576.98
850000,874222.21
439000,430559.59
280500,299318.3
375900,401242.51
1400000,930524.66
610000,698892.25
845000,723273.0
795000,799583.09
359000,321396.5
375000,313604.1
159000,239851.88
664950,604277.83
1460000,1892720.0
375000,350321.0
275000,263519.06
491950,562796.86
235000,326457.78
261000,214178.98
735000,715001.28
257000,306121.17
838300,1039233.03
400000,456181.85
1500000,1290249.05
351000,486707.0
703000,516359.03
299950,299629.19
206000,274750.9
1380000,1118062.5
352950,554435.36
773000,682945.6
187000,194945.91
330000,286210.88
1650000,1490628.0
839000,985529.92
205000,204013.0
379400,483341.56
1490000,2095700.0
215000,203576.58
119900,176849.95
749950,777934.45
450000,483227.04
1550000,1659520.0
619000,625992.75
357500,370637.43
642000,701830.05
499000,523111.5
410000,406815.3
336900,359811.79
510000,573124.54
525000,488191.9
587000,615193.5
500000,538916.09
226450,221376.84
445000,491623.92
320000,365308.38
374000,281679.84
760000,614113.75
300000,255048.67
359000,389406.46
1450000,1147075.0
280000,286408.38
247200,224793.96
315000,274604.0
272000,249498.0
999950,998447.72
2450000,1821800.0
324900,258158.49
665000,641167.26
539000,612400.94
870000,1054386.5
242025,276812.5
248000,213997.0
350000,367786.5
425000,424656.38
270500,297685.34
247000,271448.59
340000,345134.78
412000,323192.59
1320000,1209343.0
217500,234410.92
210000,240906.92
1470000,1147637.6
345000,323006.0
345000,411171.38
252000,251836.12
350000,487196.5
295000,575890.26
215000,210579.34
399000,358524.0
309900,291392.39
370000,475566.48
285000,261876.94
476000,439261.9
715000,625648.7
768000,738627.5
312500,246393.38
969990,1020053.24
380000,382310.66
625000,610778.2
390000,481955.7
545000,498069.38
290000,234863.46
463000,493855.0
755000,692121.21
380000,415199.15
480000,512557.93
1030000,1117920.71
235000,315233.23
240000,303767.0
426000,399641.28
542500,484572.32
247000,261513.0
1260000,1049435.9
785950,681902.79
330000,315164.43
385000,320763.5
800000,1043328.0
320000,262436.44
552000,494329.24
183000,266632.12
2400000,1654563.0
460000,491352.52
749999,865978.63
328000,342623.8
399950,368015.8
440000,389675.58
827500,634887.49
300000,288457.3
614285,532538.0
530000,645279.9
490000,485294.32
238000,337493.0
856500,795771.36
545000,504436.3
456500,489091.7
471000,483934.07
182000,198985.41
358000,363539.22
268500,258661.98
921800,1214739.04
278000,297410.4
397500,385702.38
695000,750313.95
650500,703265.8
200000,168264.26
1800000,1751600.0
475000,486458.77
569000,630917.01
515000,440556.06
400000,279315.64
235500,221116.53
661000,552366.4
749950,810653.88
717000,731486.39
205000,227048.77
809000,759155.12
660000,735683.9
415000,342248.43
220000,266361.96
580000,601273.5
350000,410997.74
373000,459281.85
558000,540500.94
829000,1101252.07
353000,370808.5
312200,366789.54
329950,332614.57
455000,436116.02
888990,877254.64
294010,302967.41
356000,318393.0
295000,337767.53
1570000,1435362.0
375000,427698.9
665000,643308.9
502550,488052.5
366500,422943.69
215000,249274.99
375000,454610.72
998000,1152822.21
280000,302314.25
255000,272278.49
358000,397158.78
735000,886037.8
324000,305040.03
258000,212838.75
310000,303869.8
222000,216046.2
446000,378463.49
361000,334009.19
325000,280168.62
425000,436040.46
358000,305872.82
750000,697765.5
675000,726315.96
813000,849329.0
420000,518828.6
510000,506139.4
357250,353744.0
460000,428574.35
481015,442226.25
381000,389387.74
400000,383460.4
769950,685801.66
249950,235100.76
485000,636066.59
375000,349172.5
443500,508728.0
667000,586348.95
1860000,1917059.5
269000,227648.5
453500,409608.0
488000,547856.95
300000,334482.5
440000,416203.21
194000,255725.0
560000,550983.98
355000,394262.35
1110000,901293.45
949950,1034210.08
380000,286432.49
820000,827309.8
667500,616354.6
582500,516709.9
470000,472935.0
545000,597476.5
600000,554634.3
264000,271100.0
549900,602135.9
792000,799472.75
310000,298236.52
799950,835308.18
415000,370837.6
330000,327111.0
303700,308870.77
528000,546909.2
1070000,1015592.26
804100,882523.01
450000,556640.9
550000,567607.8
782000,847080.48
300000,302986.59
195000,255812.05
201500,448567.7
350000,351200.5
811500,846172.86
420000,526323.49
2200000,1506605.0
500000,517409.6
395000,370413.45
365000,390505.05
680000,714995.95
341950,377206.4
359950,353850.65
285000,260094.67
195000,209368.28
1100000,905896.83
275000,222610.43
498500,482595.57
324950,382850.25
642860,533467.0
600000,573395.75
488000,514233.0
437000,467051.47
548000,454643.0
340000,348496.39
264950,248920.98
792000,803710.12
399500,408994.65
400000,397119.9
608000,648431.02
625000,514127.0
425000,392092.96
389800,381743.95
878000,905261.16
250000,259009.4
200000,325254.0
250000,379725.0
715000,679583.7
259950,308917.22
240000,259542.53
601000,561141.88
420000,429201.09
678940,756046.25
369950,372897.0
340000,565240.2
328000,333244.3
206135,227442.67
529999,602019.67
259950,240214.1
210000,316893.5
381500,362863.29
378750,452270.55
692500,717132.25
340000,337187.57
523000,551094.91
669950,665394.5
431650,522921.0
1140000,1113177.8
245000,249208.98
575000,721042.22
376000,505016.72
340000,315566.41
975000,811428.95
775000,819494.5
407000,412647.62
675000,543318.28
655000,620322.18
2300000,1613107.0
1110000,1006222.0
423500,493315.86
435000,496705.4
265000,235570.15
575000,579105.88
2700000,1991200.0
455000,446979.3
647000,669808.75
290300,205533.31
280000,362095.8
925850,878548.64
485000,413789.88
526000,480188.5
950000,1282682.0
1410000,1581429.71
1280000,1184729.14
447000,419468.53
165000,220034.48
325900,348579.38
544000,547170.59
359950,376365.5
405000,428492.0
710000,682139.23
850000,1750010.0
469000,470615.0
468000,465423.71
863000,898254.38
575000,565621.63
355000,370052.88
529000,456481.08
811000,846803.03
460000,576549.75
275000,231393.18
710000,703824.19
635000,640128.92
150000,178579.38
1320000,1570410.0
525000,655361.34
175000,210375.48
485000,570242.61
535000,700258.0
579000,512630.0
477000,591526.98
290500,495007.02
855000,861411.5
869000,817481.93
720000,805796.0
360000,274813.2
625000,1183643.5
452000,467805.71
461100,470794.0
560000,531442.76
650000,552125.96
550000,510707.8
405000,405183.73
539950,511764.34
395825,411955.86
409950,423781.3
440000,416770.5
800000,662381.5
303000,306485.7
310000,359738.5
285000,355287.0
599950,488777.46
391500,400001.0
303000,303210.32
244000,227207.11
625000,492224.93
439000,460910.23
740000,724217.0
345000,333349.5
437500,552659.88
445000,407054.84
695000,703659.64
502000,479992.35
664000,644717.0
835000,842815.03
865000,864698.0
465000,441798.69
1900000,1045058.65
360000,338483.01
490000,485509.24
522250,534508.04
432500,491805.48
299000,319131.32
350500,428271.0
304900,291960.28
1260000,1107176.5
182500,179983.23
381156,377486.8
687500,541454.01
277000,304489.96
780000,788028.8
429300,529921.27
490000,481335.44
190000,200403.33
480000,651612.02
350000,398520.24
505000,507931.03
385000,434157.6
300000,309342.5
258000,253868.68
540000,486393.5
544300,523358.0
305000,318553.12
703770,693350.52
572000,451995.8
475000,486999.03
525000,558873.53
962800,903619.39
210500,254660.6
2750000,2271600.0
179950,189560.98
680000,558509.3
487000,578309.0
550000,546034.67
629000,566437.23
685000,621710.9
515000,530267.5
315000,322607.83
361000,317705.51
415885,369723.6
605000,576296.03
499950,414255.15
312000,345493.76
415000,457800.69
575000,690086.83
305000,316631.44
279000,310590.65
560000,425109.5
640000,629530.18
620000,606537.3
359782,488166.93
205425,212246.06
436000,368561.1
345000,369195.0
205000,206490.34
195500,204225.9
850000,948386.5
355000,378339.9
1490000,1424484.0
345100,326512.5
1280000,1148381.24
430000,587023.59
380000,374452.14
913888,725461.1
835100,874399.03
298000,312195.17
745000,662551.0
357000,407512.07
332100,326379.81
350000,283222.18
235000,219829.18
910000,998771.5
199950,206275.33
619500,608085.0
331292,348162.75
690000,665280.26
590000,490653.2
360000,346918.45
302000,255017.49
450000,467939.3
465000,519344.53
490000,460044.0
240000,225002.91
249000,325306.5
888000,751092.5
517500,549447.9
1900000,1061039.0
355000,359755.44
474000,463362.0
420000,391698.91
1670000,1427195.0
439888,423074.51
425000,389636.35
425000,379680.66
515000,618014.46
350000,374284.45
280000,396379.26
485000,445614.4
472500,492451.86
549000,550345.75
665000,702104.05
553000,456437.5
240000,216906.77
760000,743455.3
218000,240496.5
857326,734864.42
420000,495576.95
1150000,1216724.5
220000,274850.1
370000,456594.01
292000,250710.95
379950,355945.05
389950,427071.0
285650,315585.08
385000,462784.5
1230000,931205.9
261000,318405.0
315000,309878.02
1780000,1394147.05
507500,511553.61
620000,602244.5
890000,736147.44
500000,525386.33
359000,397549.2
445000,444107.5
444000,432317.6
799900,1055760.2
1680000,1342300.0
457500,440560.25
364500,367102.72
590000,841744.86
467000,461552.05
406100,405820.0
759000,820413.02
789500,764516.41
375000,391804.62
690000,527866.26
805000,579389.64
490000,497381.14
279000,322009.0
625000,569082.7
2250000,1929235.0
325000,342308.44
400000,403828.53
365000,493792.76
1210000,1176816.11
202000,312393.0
269950,263830.85
345000,325715.05
404000,571208.0
324000,339277.75
509000,618203.5
326500,357244.5
349900,346154.1
280000,471123.38
390000,362926.91
160797,316185.18
615000,527531.95
500000,544027.24
322500,321738.14
329000,325637.7
569950,522841.48
651000,709279.5
850000,640351.9
390000,382671.03
657000,577027.0
495000,468083.05
670000,750513.0
510000,466137.5
262000,293043.28
403000,477895.89
452000,358723.46
585000,442617.97
624500,673113.39
225000,217417.0
1100000,909026.07
500000,560754.0
575000,573962.55
760000,630871.01
174950,199979.49
1060000,1171157.02
191000,242575.03
370000,575083.48
408200,355936.9
500000,517038.95
623000,802505.5
430000,405969.0
440000,404573.98
344500,316916.38
650000,472984.0
349900,378608.9
330000,348856.65
502000,422493.96
774000,743628.96
264000,267518.76
326000,296186.54
780000,798699.07
570000,589419.7
685000,584133.51
229500,208419.5
675750,699311.3
521000,480340.88
235000,230079.99
1140000,1323524.38
228000,300913.0
220000,233871.87
350000,879163.5
629000,509095.0
314963,372603.4
281000,247257.5
572000,529365.69
235000,216847.44
355000,312551.33
385000,406181.5
500000,497893.3
417000,443808.28
309000,259894.3
380000,431928.45
187000,216715.9
469950,538471.74
667500,931721.5
2450000,2258200.0
289000,237671.17
355000,373277.5
640000,568847.32
639000,600930.25
385000,393849.61
315000,312131.38
195000,195058.14
827235,731579.98
285000,270122.14
490000,642401.55
352000,300676.71
221000,229454.01
415000,374207.18
476500,464854.27
340000,255288.89
615000,692515.0
335606,336445.51
239000,205190.62
525000,473976.9
429000,454436.5
342500,306068.23
322500,320532.17
800000,553686.5
848750,980195.57
200000,310438.2
440500,459348.6
505000,522283.83
450000,576659.8
740000,570190.25
550000,464556.5
630000,578889.64
799000,901475.27
562500,626713.0
2470000,2443700.0
1430000,1136907.05
255000,251739.21
650000,713856.0
925000,929486.48
660000,625669.0
525888,433819.0
239000,241032.5
473000,462852.36
450000,422092.8
450000,498337.05
225000,215796.5
217000,218233.67
478000,500125.8
315000,264066.0
643500,522751.93
480000,466525.75
458000,567896.25
360000,426452.3
399700,349738.95
148000,202127.52
287600,271280.19
499000,506220.5
635000,646689.53
598850,601858.3
185000,281059.97
305000,341668.5
158000,253748.14
903000,691596.4
275000,440101.1
455000,482619.9
260000,257665.61
740000,750768.76
625000,492966.54
699188,657200.16
199000,231586.03
556000,636259.0
530000,482260.92
348000,349732.5
379000,385016.86
399895,407168.57
375000,379277.9
815000,695379.5
395000,478949.0
140000,196029.95
375000,412856.02
700000,645529.06
1280000,1178910.0
287000,261810.88
231500,225266.79
599000,444076.0
1600000,962761.73
850000,767419.2
451000,405280.95
499950,520390.5
445500,436035.14
1160000,942645.68
335000,449164.7
225000,197602.94
305000,358566.88
468000,445293.85
227950,240328.86
279950,258552.58
560000,627601.25
375000,373856.5
415000,359155.89
644500,673695.5
620000,657197.99
760000,703896.88
625000,640063.5
516130,465003.1
550000,590177.03
402000,467003.8
395000,428273.38
224000,223048.0
274900,254403.43
690000,728184.0
330000,349828.46
343000,319460.21
419000,440939.2
730001,606187.09
369000,317961.83
813500,698874.0
200000,210933.5
750000,676150.13
430000,418968.38
218000,212749.16
294000,418583.45
575000,529887.24
312000,312598.5
500000,480178.5
420000,471130.69
434000,390741.4
244500,275136.0
700000,590487.78
445700,472042.0
355000,357946.0
689000,790328.0
618000,579686.31
1250000,1269685.0
396500,514026.54
646000,624695.16
325000,287219.6
925000,886382.0
168000,287013.0
375000,371558.5
267500,298912.4
285000,269501.5
818000,711648.93
517850,531548.25
340000,407509.65
684000,659249.51
732000,714665.41
800000,679619.26
734000,788036.97
507000,550047.13
475000,421491.0
275000,282283.74
299000,298464.57
478000,517045.25
580000,735182.07
510000,301935.22
427500,412708.91
1330000,1078210.0
120000,224733.48
759000,652106.5
235000,220247.2
622500,680652.0
260000,385479.2
765000,850153.66
580000,511893.7
277500,304018.62
320000,307231.38
469000,550497.6
870000,1692650.0
703011,660541.0
563500,503873.2
705000,676632.42
540000,487687.5
267000,276936.84
305000,331169.3
1850000,1501520.53
240000,182871.93
850000,818928.4
95000,200065.0
326000,331346.76
295000,244001.85
342000,318255.65
465000,364805.23
195700,203551.51
635000,730610.5
483500,448057.55
307999,328470.53
1850000,1311760.0
522000,458899.0
542000,586858.5
1880000,1941425.05
1560000,1129157.0
1710000,1788409.0
646000,617780.9
507000,522253.0
445000,533377.0
250000,275203.0
1100000,795989.66
585000,650548.27
541000,513215.78
500000,487490.97
234000,302529.2
555000,590238.75
291000,259579.19
936000,913983.0
330000,357252.62
310000,314563.4
250000,390243.0
530000,535732.5
266750,252919.54
285167,303800.31
707000,781952.96
710000,614718.73
585000,570311.83
210000,294200.0
1310000,2068870.0
455000,467578.12
325000,319398.5
290000,303570.72
384000,411579.65
307000,290493.76
395000,413165.34
600000,471103.7
1160000,927701.24
745000,627227.77
522500,559052.5
560000,531653.5
240000,275922.52
989000,1058144.74
650000,646217.04
775000,886917.0
254000,303719.19
459000,459058.18
700000,759946.0
375000,504970.76
333000,434897.8
275000,354550.19
435000,500295.0
700000,523459.0
610000,526227.51
475000,487247.5
570000,552973.59
525000,484101.1
219000,199409.1
407450,440210.85
290000,296903.8
535000,577891.43
384950,412830.03
412500,413324.0
450000,503555.25
484000,583791.15
177000,221390.01
500000,650980.0
770000,602368.24
455000,499347.1
400000,430172.12
268000,254433.1
900000,943090.06
645000,568320.5
225000,239886.09
1970000,1929959.5
155000,205687.84
650000,638003.62
660000,745447.75
639000,575256.16
1300000,793592.28
775000,834913.75
710000,579015.5
309000,323805.18
479000,440441.58
693000,877765.01
300000,330652.68
1370000,1028027.1
453500,482831.75
472000,449350.12
359000,399005.27
572500,661173.66
216300,254606.68
460000,441507.11
495000,477902.82
815000,873336.8
375000,414612.62
475000,485700.0
275000,316666.88
379950,374206.0
300000,285431.32
452000,511940.7
790000,676455.24
449000,490193.2
297000,329315.2
293550,246671.08
1200000,1278738.0
614000,519035.5
625000,644662.0
400000,413110.64
210000,318115.03
649000,616350.5
1680000,1803145.0
425000,444162.18
865000,912599.0
284000,278968.98
605000,641514.24
679000,691818.54
495000,531481.26
753000,749316.24
205000,222230.17
835000,902808.44
175000,215291.77
831548,798899.09
890000,951892.41
960000,965054.46
213400,240883.87
435000,475012.37
405000,444153.03
259950,267147.5
124740,217619.15
443750,479667.9
167000,260230.97
295000,335122.0
245700,247079.85
299950,319092.96
274000,264314.12
769900,734649.36
234000,275013.54
249950,241166.11
568000,536493.5
561000,572636.24
289950,284442.27
582000,592770.54
270000,251795.98
268750,156128.27
345500,329657.09
312000,347394.55
485000,529953.25
1010000,854774.66
334950,331728.9
280000,270710.48
725000,788511.29
420000,444123.74
252700,208563.0
440000,468285.0
1700000,1919810.0
387000,396744.79
253779,285004.5
169000,227036.32
299000,260606.84
365000,322862.38
475000,504474.0
400000,384931.45
590000,636159.96
460000,470227.41
740000,1005745.0
306000,247758.37
343566,368954.05
330000,340926.77
304000,355165.25
320000,409185.38
398000,382637.66
420000,423832.4
190000,254380.83
491500,566447.5
435000,447207.89
415000,415764.9
360000,420745.75
1750000,1477350.0
395000,449148.02
839950,849302.8
562500,509072.76
725000,747146.08
275000,298250.31
465000,468697.4
569950,571334.88
280950,279573.4
482000,482017.5
332000,312533.9
631625,789609.5
452000,342416.1
2000000,2506847.0
339995,333610.46
168000,201829.1
715000,770310.05
169100,194897.29
800000,899294.0
375000,247953.29
470000,486180.83
459500,463448.78
650000,548091.52
350000,348561.2
475000,619436.0
400000,494277.55
153000,220113.65
444950,410399.95
250000,323475.88
780000,909881.29
375000,410365.98
610000,562921.05
448500,457437.0
570000,536968.3
478000,495555.82
565000,635556.04
307000,309933.22
957000,1362779.54
266000,257857.99
185000,211590.34
504975,532509.05
411000,424178.36
625000,525652.0
640000,638068.45
252500,373187.0
320000,368072.44
185000,227601.08
1060000,741296.47
383000,410432.45
450000,477116.83
1060000,927433.3
142500,249482.5
267000,229130.5
574000,637097.4
200500,226589.0
759000,876029.3
602000,622750.25
275000,283994.4
749995,769165.2
276900,264770.5
563500,719292.85
580000,581762.5
799000,1002397.02
650000,485625.1
151600,263380.85
575000,723916.46
615000,505685.76
690000,704668.0
335000,353934.47
550000,701854.84
640000,648684.03
898000,842824.82
338000,316390.2
253000,329042.59
907500,818473.57
469775,682013.0
1100000,1151569.5
589000,657246.45
248000,298591.52
329950,268343.0
115000,159253.0
400000,432796.3
705000,747353.75
403950,402681.5
470000,484023.5
232603,263523.69
770000,833139.13
640000,559549.94
271000,238728.01
398000,466110.35
455000,524016.84
462608,474460.12
325000,336484.25
360000,407206.88
555000,691729.49
299950,262428.75
410000,398711.29
241000,215908.5
299950,301053.0
1310000,1096548.42
700000,584671.18
630000,629621.96
752000,784038.0
260000,244884.02
737500,657359.5
805000,811686.53
528000,527671.3
319000,229652.68
425000,379452.78
460000,421118.95
285000,369802.48
385000,399528.73
362000,419532.8
2300000,1774662.04
1640000,1825440.0
425000,510886.0
299800,211202.84
660000,798361.25
280000,248512.0
292000,328891.28
355000,366395.24
190000,218781.47
455000,482921.04
340000,309799.49
274700,294249.0
825000,783024.01
471000,422527.7
340000,308705.98
259950,270533.15
915000,1126140.0
708000,608952.0
275000,223498.5
775000,595183.63
632500,648888.5
530000,492146.15
765000,805929.45
840000,978486.99
610000,560119.2
745000,736051.57
180000,263104.62
1250000,1053298.08
1250000,1755000.0
400000,336709.76
874150,925117.55
179900,208236.48
501000,511040.4
563000,577485.0
500000,506335.0
320000,320938.38
1150000,1141380.0
562000,649635.0
731688,756989.92
554950,547614.9
296500,274444.49
880000,1006784.19
234950,224420.4
530000,561014.9
1110000,1163524.57
319900,301647.39
595000,584650.63
278000,270854.0
582000,659489.2
515000,515759.88
238000,306857.2
577500,526378.09
540000,501953.88
450000,429214.32
966000,981952.49
279900,241846.91
510000,644226.0
460000,476993.11
924000,1154125.5
1320000,1191700.0
299900,320087.0
275000,357174.78
320000,319967.56
485000,448863.4
360000,395468.49
383000,356425.85
260000,250659.58
554820,563453.5
319000,340824.75
372500,345639.54
469000,409439.92
465000,409579.96
711000,679309.68
730000,882278.58
215000,219273.94
410000,553667.78
739888,960291.5
490000,634264.8
300000,251936.12
665000,530347.4
390000,318920.35
800000,800935.9
239300,232172.58
311000,341902.3
405000,405405.14
246950,260042.57
233000,203469.17
699800,663617.35
356000,464705.93
558000,566271.5
419950,394547.9
435000,448155.88
520000,616932.5
599000,668560.66
605000,566880.9
389000,526670.0
525000,555325.68
686000,490109.04
255000,219774.0
283000,255397.4
284000,308806.87
516250,471819.52
518000,471950.4
715000,731563.14
1570000,1452200.0
187000,283116.44
379950,413616.02
810000,777696.84
650000,610961.16
749000,746245.43
306000,312075.24
662990,498486.0
775000,624591.5
539950,601026.04
255000,264313.52
395000,397731.05
445000,456693.0
374950,358066.4
574000,550644.3
310000,339803.78
400000,335364.9
527500,502615.5
380000,277194.06
2580000,2031100.0
630000,579950.98
279950,243982.48
480000,500943.5
1360000,1176199.0
576000,496275.7
720000,739641.85
592500,564110.65
247300,375545.54
350500,308729.85
370000,365604.92
1650000,1291380.0
1700000,1420113.31
575000,729009.66
300000,310537.98
645000,645971.0
383000,422161.55
298450,270662.96
288400,270651.88
310000,310190.62
730000,773384.93
505000,540442.39
860000,822097.22
795000,769776.69
328500,382135.22
430000,435422.32
653000,663096.3
805000,962962.49
362500,378985.5
533000,557016.64
747500,695148.18
1020000,869205.54
625000,623332.1
1150000,1246112.76
798000,860138.04
244000,210850.7
450000,477584.25
3280000,2583825.0
990000,864038.8
465000,1044314.0
412000,357504.5
676101,722134.72
245100,226592.0
265000,261147.96
452500,447096.5
308900,314387.2
380000,382976.18
845000,903824.54
463000,481637.73
452000,482275.5
327500,329333.0
589950,490311.3
808900,775352.44
460000,465337.38
613000,591806.8
425000,391633.56
630000,540515.5
265000,246627.51
500000,435782.84
2320000,2046700.0
408000,425971.35
230000,246263.79
280000,328721.78
616500,653256.5
655000,644602.8
565000,509890.9
366000,369341.61
418000,460082.5
420000,505540.45
851000,865754.06
218000,228832.5
733500,730849.08
762500,769453.24
385000,375569.38
545000,340278.76
575000,615795.0
710000,741729.74
218000,228577.17
639000,538934.57
310000,347066.4
975000,906395.92
910000,878741.9
946000,850490.71
637850,643979.79
235000,206530.52
609850,700768.38
564800,539329.25
365000,370653.06
623000,701262.33
209950,195665.78
410000,411955.37
585000,494158.68
485000,459034.88
645000,648201.25
435000,515219.24
796000,698967.5
315000,249502.39
810000,726195.67
295000,355761.55
200000,213280.5
374000,375459.28
373000,378911.25
327000,363095.0
235000,304528.6
192500,246825.0
650000,658660.52
740000,766916.5
620000,584196.15
358000,354270.32
353000,311355.8
365000,336549.7
525000,536564.45
285000,331481.51
398500,427604.54
250000,220333.94
475000,472884.87
572000,433432.16
900000,892385.4
402500,424314.31
315000,329544.5
357000,378061.59
325000,271489.3
850000,774532.34
300000,346351.2
291375,386078.5
616000,721455.5
216000,247210.76
350000,336761.13
295000,467500.0
534950,558231.1
319000,326216.57
400000,484261.1
470000,470053.25
788000,684023.23
780000,554253.13
724950,688411.2
735000,766853.8
975000,1095249.0
271000,261057.96
811000,752479.6
310000,278532.0
320000,322742.5
230000,338264.94
802000,707755.71
312000,328231.46
746000,604717.68
374500,401566.0
628000,672269.74
295000,270298.71
706000,663293.77
379000,373062.08
616000,649499.5
550000,487739.55
895000,699866.75
592500,557927.0
255000,260503.0
1090000,953495.0
340000,356213.4
1760000,979733.56
305000,291727.2
480000,544826.5
415000,602412.6
610000,557207.76
770000,961509.91
424000,437110.88
458500,455430.78
752888,733609.63
327500,310646.25
285000,303530.5
705000,627704.5
395950,381134.11
802000,625881.62
540000,517317.64
100000,185626.45
464500,362581.38
400000,351736.73
951000,927878.5
640000,660471.04
335500,344052.4
839000,795558.29
265000,371018.35
735000,756621.04
540000,526097.56
189900,200425.24
265900,247042.12
673200,776266.32
1040000,942280.84
511100,405606.3
898000,912468.74
465000,432672.0
194000,202665.0
2730000,2965299.5
253000,224213.81
460000,496488.5
277950,275233.8
910000,771213.88
396450,389688.0
495000,494611.33
585000,890249.0
922000,868764.04
780000,761484.5
510000,527444.3
1480000,1167707.66
239000,278782.54
535000,660077.0
734000,721946.18
355000,443126.65
439950,420984.0
382000,375888.85
290000,255396.62
430000,413655.5
2150000,2584699.5
265000,262139.5
851000,823494.66
453246,473444.16
193000,220192.12
622000,557830.92
605125,531623.79
275000,280148.39
315000,291328.11
380000,352415.75
238000,226047.5
245000,232086.0
595000,680183.9
990000,582648.4
430000,526182.7
615000,567345.0
218000,198945.5
770000,705203.5
895000,738218.76
270000,421000.5
265000,230940.44
441000,494891.04
375000,462234.02
364000,395375.15
385000,327152.98
344000,400425.51
1160000,1141511.58
1100000,950421.91
390000,392366.5
355000,352674.5
553000,448045.0
790000,806562.4
231000,233278.36
855000,918541.05
403500,563249.0
340000,557109.25
547500,569740.06
270000,264865.99
729000,659747.0
580500,581361.5
860000,1005896.7
449888,448713.22
290000,354126.08
1500000,1502445.1
1230000,1381670.0
170000,217979.51
707000,839496.38
530000,544569.25
866000,896434.45
265000,298988.5
280000,248911.6
1580000,849663.5
1220000,1206315.66
350000,324546.4
600000,698444.6
311000,394235.83
725000,687463.76
197000,190958.0
234000,182044.75
235000,283475.5
2890000,5180000.0
325000,346204.5
349500,321664.49
492000,480754.59
379260,287741.26
410000,443315.1
477590,491664.16
651000,523083.5
440000,433088.49
716000,642762.62
676000,573443.0
366000,273136.0
802500,806635.94
289950,289420.79
342000,352849.04
580000,633286.96
765000,526278.5
385000,392474.99
494950,577906.5
751750,688116.81
380000,412955.1
1060000,1135311.0
370000,380802.0
200000,301312.5
665000,653713.01
1150000,1269300.0
555000,555195.48
385000,395106.95
400000,404180.93
284000,302167.45
462500,522341.15
511718,518613.52
265000,269966.0
247000,158560.34
230000,251822.1
968000,1117783.87
500000,512910.67
387000,378795.3
239000,220667.59
1800000,1482220.05
1720000,2060100.0
350000,354206.75
358000,309997.91
485230,430593.04
525000,474682.8
275000,335905.35
260000,450341.04
251000,260990.78
449500,426549.99
1100000,813337.31
320000,407353.93
796000,963596.26
615000,736358.0
625000,585480.0
450000,501314.48
305000,469312.59
399950,459938.0
402000,372288.5
567000,579377.48
879000,1067697.34
292050,359738.47
1400000,1318720.0
713000,734730.0
440000,512971.5
452000,514480.0
540000,583073.0
1400000,1359185.0
995500,1165824.0
129000,177255.88
221000,273716.08
1420000,1474750.0
245000,142271.68
678000,693146.02
479000,483814.85
368000,381052.5
311000,407774.5
267000,225527.03
930000,1826500.0
995000,825208.5
270000,305394.44
465000,479028.25
1680000,1985499.5
759950,755652.0
442000,841755.95
375000,487551.5
1270000,1203644.5
656000,587013.84
770000,453117.12
253000,231666.0
170000,401474.96
288000,322858.5
589000,732610.66
1830000,1205800.0
1330000,982242.94
440000,481936.45
258900,280059.7
695000,637271.6
290000,324249.27
400000,488857.02
525000,563273.32
780000,1253763.5
240000,236422.49
469000,398598.21
340000,332131.58
1100000,846595.5
549900,591542.28
225000,228520.75
522500,494378.22
530000,573603.0
260000,317372.76
4000000,3404900.0
354000,369435.07
255000,318145.58
1060000,1131600.0
379500,452166.25
543500,526353.5
950000,913664.04
5110000,3902700.0
515000,545661.0
620000,556694.01
185000,190363.71
250000,181846.01
241500,214127.54
315500,365179.65
462600,463671.5
550000,573359.68
225000,279037.41
237950,260178.5
1140000,1217350.0
520000,476510.9
1010000,1056995.5
253000,254231.9
300000,313117.65
309950,315167.2
279200,342712.8
341000,305466.5
385000,388861.9
655000,643310.65
207200,219770.17
465000,405591.82
159075,251005.74
355000,308607.4
465000,568271.63
330000,357968.49
345000,304942.62
1390000,992633.0
305000,306318.0
530000,554639.62
215000,252192.71
302000,505816.0
540000,573791.75
682000,697045.0
999000,715967.21
375000,399738.71
409124,407752.0
500000,503327.0
206990,212753.95
160000,218853.4
1370000,1302418.0
655000,603439.01
400000,387242.46
550000,514324.0
295832,242459.27
479000,519107.72
546200,594231.5
535000,626006.0
551000,564609.0
479950,495336.85
252000,250352.84
310000,305596.05
242000,246806.51
664950,636021.65
290000,318516.92
905000,882989.5
731000,745877.58
749500,717166.36
825000,1022404.67
256883,266131.42
619000,735404.0
172500,221870.5
575000,582184.0
589000,719428.51
615000,672616.4
310000,280926.69
535000,572681.02
315000,395468.45
1090000,1130954.0
175000,290149.4
337500,459799.0
340000,308862.5
385000,472964.61
390000,350313.5
244000,228119.58
343888,352171.44
422500,370320.45
392000,317496.4
1020000,1257181.37
410000,389724.22
530000,482991.0
219000,186150.05
336000,320905.57
370000,374415.53
1230000,1426800.0
543000,406221.32
445000,419927.98
467000,479187.0
622500,646384.01
379950,369894.06
307000,411985.52
530000,538265.28
324950,314596.77
270000,371346.0
435000,454000.15
571500,543173.89
715000,611079.68
338800,345776.1
1000000,746068.97
325900,301804.74
1200000,1010050.84
240000,245706.23
1520000,1133932.0
624000,626417.68
980000,1408742.04
875000,801984.54
555565,649603.39
835000,684281.95
415000,475267.27
365000,471804.53
355000,300217.29
315000,321626.0
490600,449194.13
760369,772798.49
925000,944308.3
320000,272069.5
485000,524804.81
255000,272745.49
450000,443761.14
370000,297180.73
737500,730844.5
669888,629762.06
429000,415580.0
351999,373287.15
700000,633605.18
842000,691254.82
423000,431376.3
359950,308853.5
421200,398392.68
237000,247220.5
920000,936258.41
272000,272530.63
202000,215030.5
750000,880479.33
607000,573627.0
200000,313284.44
566000,547875.0
340000,415373.22
420000,265605.45
439950,485414.0
359000,376694.9
463000,438447.36
279000,258811.4
375000,396061.66
725000,800268.9
650000,622278.8
607500,571460.31
675000,648372.27
480000,499887.9
602000,633236.56
295000,358587.6
409000,368556.65
249950,206168.24
249000,259621.5
315000,307999.39
540000,803701.34
255000,259420.97
199950,233369.62
299500,292914.83
365250,373651.5
290000,264798.61
300000,269703.36
429000,395304.65
380000,393200.05
476100,477411.39
722000,742678.5
1220000,1066365.3
234000,219707.34
470000,486982.22
335000,366360.51
1150000,967617.58
404000,487187.8
329000,339556.8
223000,197836.2
554729,829086.02
350000,459264.64
320000,221990.25
645000,617400.08
849900,549329.85
325000,427203.8
377500,367256.44
330000,322288.7
309620,390502.5
400000,404223.36
235000,277697.57
210000,238444.0
394000,366366.2
326500,348677.5
639983,531967.72
355000,421266.4
1040000,1196375.0
1200000,952590.0
247000,225652.0
260000,248967.5
384205,399175.48
248000,238789.7
459900,563693.4
307300,336844.0
883000,886662.7
852000,645928.91
608000,578137.8
239900,251652.93
959750,828994.83
530100,548888.1
430000,471146.95
495000,508632.0
810000,995676.0
809950,834086.31
320000,345528.95
1540000,1133905.0
270000,345165.63
467500,530728.75
861990,895906.24
328000,404051.78
1420000,1087213.55
271900,337292.0
725000,515125.5
185000,222652.86
930000,994404.55
400000,428550.5
255000,245697.66
553000,660227.62
803100,776105.54
565000,593145.91
720000,670927.5
200000,201958.61
152000,172496.7
890000,813517.5
420000,506626.5
300000,423963.5
318000,299505.1
408000,511172.5
340000,293905.0
450000,452894.5
550000,533565.0
677915,635416.11
497000,659215.75
169000,253465.13
325000,354593.06
1200000,1208832.33
850000,903065.5
155000,188894.99
327000,460719.5
540000,567294.88
335000,338699.74
787888,914523.05
316000,332319.68
415000,456753.12
320000,321524.53
1500000,1295850.0
253905,239431.48
423500,425165.73
204000,199759.94
299995,298956.3
300000,336544.53
250000,300516.9
550000,571807.5
1010000,1146838.23
265000,281919.5
675000,629866.8
